{"count":1,"self":74.046278399999991,"total":74.4957214,"children":{"InitializeActuators":{"count":1,"self":0.0019909999999999997,"total":0.0019909999999999997,"children":null},"InitializeSensors":{"count":1,"self":0.00095599999999999993,"total":0.00095599999999999993,"children":null},"AgentSendState":{"count":3053,"self":0.0118582,"total":0.0273621,"children":{"CollectObservations":{"count":611,"self":0.0019925999999999998,"total":0.0019925999999999998,"children":null},"WriteActionMask":{"count":611,"self":0.00095199999999999994,"total":0.00095199999999999994,"children":null},"RequestDecision":{"count":611,"self":0.012559299999999999,"total":0.012559299999999999,"children":null}}},"DecideAction":{"count":3053,"self":0.4062417,"total":0.4062417,"children":null},"AgentAct":{"count":3053,"self":0.0069098,"total":0.0069098,"children":null}},"gauges":{"EndLessRunnerBehaviour.CumulativeReward":{"count":4,"max":40.1999969,"min":-59.7,"runningAverage":-32.15,"value":40.1999969,"weightedAverage":-32.79375}},"metadata":{"timer_format_version":"0.1.0","start_time_seconds":"1680835468","unity_version":"2021.3.13f1","command_line_arguments":"D:\\Unity\\2021.3.13f1\\Editor\\Unity.exe -projectpath D:\\Uni_Stuff\\AI\\AI-Course-Final-Project -useHub -hubIPC -cloudEnvironment production -licensingIpc LicenseClient-jzhou -hubSessionId 1bc4a2e0-d4c9-11ed-bc01-7d8878ef064e -accessToken Pow2EMjReKvdzg6syUekm454kNlOt6s2aX6idK76LgY003f","communication_protocol_version":"1.5.0","com.unity.ml-agents_version":"2.0.1","scene_name":"SampleScene","end_time_seconds":"1680835543"}}